"ฉันตื่นเช้าขึ้นมาแล้วออกไปเดินเล่นรอบสวนสาธารณะเพื่อสูดอากาศบริสุทธิ์","I woke up early and went for a walk around the park to breathe fresh air"
"เมื่อวานนี้ฝนตกหนักมากแต่ฉันยังคงต้องออกไปทำงานตามปกติ","Yesterday it rained heavily but I still had to go to work as usual"
"ถ้าคุณมีเวลาว่างพรุ่งนี้เราไปทานอาหารกลางวันด้วยกันไหม","If you have free time tomorrow, shall we have lunch together?"
"ตอนเด็กๆฉันชอบอ่านหนังสือใต้ต้นไม้ใหญ่หลังบ้านของฉัน","When I was a child, I loved reading books under the big tree behind my house"
"ในขณะที่ฉันกำลังทำอาหารเย็น โทรศัพท์ก็ดังขึ้นทันที","While I was cooking dinner, the phone suddenly rang"
"ฉันรู้สึกดีใจที่ได้พบเพื่อนเก่าที่ไม่ได้เจอกันมานานหลายปี","I was happy to meet an old friend whom I hadn't seen for many years"
"ถ้าเราวางแผนดีๆ การเดินทางครั้งนี้จะเป็นที่น่าจดจำมาก","If we plan well, this trip will be very memorable"
"เขาทำงานหนักเพื่อที่จะสามารถดูแลครอบครัวได้อย่างดีที่สุด","He works hard so that he can take care of his family in the best way"
"แม้ว่าจะมีอุปสรรคมากมาย เรายังคงมุ่งมั่นที่จะประสบความสำเร็จ","Even though there are many obstacles, we are still determined to succeed"
"ฉันชอบฟังเพลงขณะขับรถ เพราะมันทำให้รู้สึกผ่อนคลาย","I like listening to music while driving because it makes me feel relaxed"
"หลังจากที่ฝนหยุดตก พระอาทิตย์ก็โผล่ออกมาส่องแสงสดใส","After the rain stopped, the sun came out shining brightly"
"เมื่อถึงเวลานอน ฉันมักจะอ่านหนังสือเล่มโปรดก่อนหลับ","When it's bedtime, I usually read my favorite book before sleeping"
"ถ้าเธอต้องการความช่วยเหลือ โปรดอย่าลังเลที่จะบอกฉัน","If you need help, please don't hesitate to tell me"
"พรุ่งนี้ฉันจะไปซื้อของที่ตลาดเช้า คุณอยากจะไปด้วยกันไหม","Tomorrow I will go shopping at the morning market, would you like to come along?"
"เขาชอบเล่นกีฬาหลายประเภท โดยเฉพาะฟุตบอลและบาสเกตบอล","He likes to play many types of sports, especially football and basketball"
"ในช่วงวันหยุดยาว ฉันวางแผนจะไปเที่ยวทะเลกับครอบครัว","During the long holiday, I plan to go to the sea with my family"
"ฉันพยายามปลูกต้นไม้ในสวนหลังบ้านเพื่อสร้างบรรยากาศที่สดชื่น","I try to plant trees in the backyard to create a refreshing atmosphere"
"แม้ว่าอากาศจะร้อน แต่เขาก็ยังคงวิ่งออกกำลังกายทุกเช้า","Even though the weather is hot, he still goes running every morning"
"ฉันต้องการเรียนรู้ภาษาใหม่ๆ เพื่อที่จะเปิดโลกทัศน์ของฉัน","I want to learn new languages to broaden my horizons"
"เมื่อรถไฟมาถึงสถานี เราก็เก็บกระเป๋าและเตรียมลงจากรถ","When the train arrived at the station, we packed our bags and prepared to get off"
"เขาเป็นคนที่มีน้ำใจและมักจะช่วยเหลือผู้อื่นเสมอเมื่อมีโอกาส","He is a kind person and always helps others whenever he has the chance"
"ถ้าเราเริ่มต้นตั้งแต่ตอนนี้ เราจะมีเวลามากพอที่จะทำงานเสร็จ","If we start now, we will have enough time to finish the work"
"เธอชอบทำอาหารและมักจะทดลองสูตรใหม่ๆ ในครัวของเธอ","She likes cooking and often experiments with new recipes in her kitchen"
"ในวันที่อากาศหนาว ฉันชอบนั่งดื่มชาร้อนๆ และอ่านหนังสือ","On cold days, I like to sit and drink hot tea while reading a book"
"ฉันเชื่อว่าความพยายามและความอดทนจะนำพาเราไปสู่ความสำเร็จ","I believe that effort and patience will lead us to success"
"หลังจากทำงานเหน็ดเหนื่อยมาทั้งวัน ฉันก็กลับบ้านไปพักผ่อน","After a long day at work, I went home to rest"
"เราควรดูแลสุขภาพของตนเองโดยการออกกำลังกายและกินอาหารที่มีประโยชน์","We should take care of our health by exercising and eating nutritious food"
"เมื่อถึงเวลาเรียน นักเรียนทุกคนก็นั่งที่และเตรียมตัวเรียนอย่างตั้งใจ","When it's class time, all the students sit down and get ready to learn attentively"
"ฉันพบว่าการเดินทางไปยังสถานที่ใหม่ๆ ช่วยเปิดมุมมองในชีวิต","I find that traveling to new places helps open perspectives in life"
"ถ้าคุณสนใจ เราสามารถจัดการประชุมเพื่อหารือรายละเอียดเพิ่มเติม","If you're interested, we can arrange a meeting to discuss further details"
"เขาชื่นชอบการอ่านหนังสือประวัติศาสตร์และวรรณกรรมคลาสสิก","He enjoys reading history books and classic literature"
"ในขณะที่ฝนตกหนัก เราควรอยู่บ้านและหลีกเลี่ยงการออกไปข้างนอก","While it's raining heavily, we should stay home and avoid going outside"
"ฉันกำลังมองหาของขวัญที่พิเศษสำหรับวันเกิดของแม่","I'm looking for a special gift for my mother's birthday"
"เมื่อเราทำงานร่วมกัน เราสามารถสร้างสิ่งที่ยิ่งใหญ่ได้","When we work together, we can create great things"
"ฉันรู้สึกตื่นเต้นกับโอกาสใหม่ๆ ที่กำลังมาถึงในชีวิต","I'm excited about the new opportunities coming into my life"
"ถ้าเราไม่ลอง เราก็จะไม่รู้ว่าผลลัพธ์จะเป็นอย่างไร","If we don't try, we won't know what the outcome will be"
"เขาต้องการศึกษาเพิ่มเติมเพื่อพัฒนาทักษะของตนเอง","He wants to study more to develop his own skills"
"หลังจากที่ได้ยินข่าวดี ทุกคนก็ยิ้มแย้มและมีความสุขมาก","After hearing the good news, everyone smiled and was very happy"
"ฉันชอบไปเดินเล่นริมชายหาดเพื่อฟังเสียงคลื่นและสัมผัสลมทะเล","I like to walk along the beach to hear the waves and feel the sea breeze"
"เมื่อถึงเวลาสำคัญ เราควรตัดสินใจด้วยความรอบคอบและระมัดระวัง","When it's an important time, we should make decisions carefully and cautiously"
"ถ้าเราสามารถจัดการเวลาได้ดี เราก็จะมีเวลาว่างมากขึ้น","If we can manage our time well, we'll have more free time"
"เธอเป็นคนที่มีความคิดสร้างสรรค์และมักจะมีไอเดียใหม่ๆ เสมอ","She is a creative person and always has new ideas"
"ฉันกำลังเรียนรู้ที่จะเล่นกีตาร์ และหวังว่าสักวันจะเล่นเพลงโปรดได้","I'm learning to play the guitar and hope to play my favorite songs someday"
"เมื่อเราพบปัญหา เราควรเผชิญหน้ากับมันและหาทางแก้ไข","When we encounter problems, we should face them and find solutions"
"เขามักจะออกไปถ่ายรูปธรรมชาติในเวลาว่างของเขา","He often goes out to photograph nature in his free time"
"ในอนาคต ฉันต้องการเปิดธุรกิจของตัวเองและทำตามความฝัน","In the future, I want to start my own business and follow my dreams"
"ถ้าคุณฝึกฝนอย่างสม่ำเสมอ ความสามารถของคุณจะพัฒนาขึ้นอย่างแน่นอน","If you practice regularly, your skills will definitely improve"
"ฉันชอบท่องเที่ยวและสัมผัสวัฒนธรรมที่แตกต่างกันทั่วโลก","I love traveling and experiencing different cultures around the world"
"เมื่อเธอได้รับของขวัญ เธอก็ยิ้มและขอบคุณด้วยความจริงใจ","When she received the gift, she smiled and thanked sincerely"
"เขากำลังวางแผนที่จะเรียนต่อในระดับปริญญาโทที่ต่างประเทศ","He is planning to pursue a master's degree abroad"
"ฉันตัดสินใจที่จะเรียนรู้สิ่งใหม่ๆ ทุกวันเพื่อพัฒนาตนเอง","I decided to learn new things every day to improve myself"
"ถ้าเราทำงานเป็นทีม เราจะสามารถบรรลุเป้าหมายได้เร็วขึ้น","If we work as a team, we can achieve our goals faster"
"ในช่วงเย็น ฉันชอบนั่งชมพระอาทิตย์ตกกับเพื่อนๆ ที่ชายหาด","In the evening, I like to watch the sunset with friends at the beach"
"เธอสนใจในการวาดภาพและมักจะใช้เวลาว่างในการสร้างสรรค์ผลงาน","She is interested in painting and often spends free time creating artwork"
"ฉันคิดว่าการอ่านหนังสือเป็นวิธีที่ดีในการเปิดโลกความรู้","I think reading books is a great way to expand knowledge"
"เมื่อเราเจอเพื่อนเก่า เราก็พูดคุยกันอย่างสนุกสนานและแลกเปลี่ยนประสบการณ์","When we meet old friends, we chat happily and share experiences"
"เขาตั้งใจที่จะออกกำลังกายทุกวันเพื่อสุขภาพที่แข็งแรง","He intends to exercise every day for good health"
"ถ้าอากาศดี พรุ่งนี้เราจะไปปิกนิกที่สวนสาธารณะกันไหม","If the weather is good, shall we go for a picnic at the park tomorrow?"
"ฉันกำลังศึกษาเรื่องสิ่งแวดล้อมเพื่อช่วยรักษาโลกของเรา","I'm studying about the environment to help preserve our world"
"เมื่อได้รับคำแนะนำ เขาก็นำไปปรับใช้และปรับปรุงตนเองต่อไป","When he received advice, he applied it and continued to improve himself"
"เธอฝันที่จะเป็นนักดนตรีมืออาชีพและแสดงบนเวทีใหญ่","She dreams of becoming a professional musician and performing on big stages"
"ในช่วงสุดสัปดาห์ ฉันชอบทำสวนและปลูกผักเพื่อสุขภาพ","On weekends, I like gardening and growing vegetables for health"
"ถ้าเรามีความอดทนและไม่ยอมแพ้ เราจะสามารถผ่านพ้นอุปสรรคได้","If we are patient and don't give up, we can overcome obstacles"
"เขาชื่นชอบการเล่นหมากรุกและมักจะแข่งขันกับเพื่อนๆ","He enjoys playing chess and often competes with friends"
"เมื่อถึงเวลาเย็น ฉันมักจะออกไปวิ่งเพื่อผ่อนคลายความเครียด","In the evening, I usually go for a run to relieve stress"
"ฉันหวังว่าจะได้พบคุณอีกครั้งในอนาคตอันใกล้นี้","I hope to see you again in the near future"
"ถ้าเราศึกษาและเตรียมตัวมาอย่างดี การสอบครั้งนี้จะไม่ยากเกินไป","If we study and prepare well, this exam won't be too difficult"
"เธอรักการเต้นและมักจะเข้าร่วมงานเทศกาลต่างๆ","She loves dancing and often attends various festivals"
"ฉันกำลังมองหาวิธีที่จะประหยัดเงินเพื่อการเดินทางในฝัน","I'm looking for ways to save money for a dream trip"
"เมื่อฝนหยุดตก เราก็ออกไปเดินเล่นและชมสายรุ้งที่สวยงาม","When the rain stopped, we went out for a walk and admired the beautiful rainbow"
"เขาตั้งใจที่จะเรียนภาษาใหม่เพื่อเปิดโอกาสในการทำงาน","He intends to learn a new language to open up job opportunities"
"ฉันเชื่อว่าการให้ความสำคัญกับครอบครัวเป็นสิ่งที่สำคัญที่สุด","I believe that prioritizing family is the most important thing"
"ถ้าเราสามารถจัดการความคิดและอารมณ์ได้ เราก็จะมีความสุขมากขึ้น","If we can manage our thoughts and emotions, we'll be happier"
"เธอกำลังฝึกฝนการเล่นโยคะเพื่อสุขภาพจิตและกายที่ดี","She is practicing yoga for good mental and physical health"
"เมื่อเราได้ลองทำสิ่งใหม่ๆ เราอาจพบว่ามีความสามารถที่ไม่เคยรู้มาก่อน","When we try new things, we may discover abilities we never knew we had"
"เขาชอบศึกษาเรื่องดาราศาสตร์และเฝ้าดูดาวในคืนที่ฟ้าใส","He likes studying astronomy and stargazing on clear nights"
"ฉันต้องการพัฒนาทักษะการสื่อสารเพื่อสร้างความสัมพันธ์ที่ดีขึ้น","I want to improve my communication skills to build better relationships"
"ถ้าเรารู้จักการแบ่งเวลาอย่างเหมาะสม เราจะทำสิ่งต่างๆ ได้มากขึ้น","If we know how to allocate time properly, we can do more things"
"เธอมีความฝันที่จะเป็นนักเขียนและกำลังเขียนหนังสือเล่มแรกของเธอ","She dreams of becoming a writer and is writing her first book"
"ในวันที่ท้องฟ้าสดใส ฉันชอบนั่งมองเมฆและจินตนาการต่างๆ","On clear days, I like to sit and watch the clouds and imagine various things"
"เมื่อเราช่วยเหลือผู้อื่น เราก็จะรู้สึกดีและโลกจะน่าอยู่ขึ้น","When we help others, we feel good and the world becomes a better place"
"เขาตัดสินใจที่จะเปลี่ยนแปลงตนเองเพื่ออนาคตที่ดีกว่า","He decided to change himself for a better future"
"ฉันชอบฟังเรื่องราวและประสบการณ์จากคนที่มีชีวิตหลากหลาย","I like listening to stories and experiences from people with diverse lives"
"ถ้าเรามีความกล้าที่จะเริ่มต้น เราก็มีโอกาสที่จะประสบความสำเร็จ","If we have the courage to start, we have a chance to succeed"
"เธอกำลังวางแผนที่จะเปิดร้านกาแฟเล็กๆ ที่มีบรรยากาศอบอุ่น","She is planning to open a small coffee shop with a cozy atmosphere"
"ในขณะที่พระอาทิตย์ขึ้น ฉันรู้สึกถึงความหวังและพลังงานใหม่ๆ","As the sun rises, I feel hope and new energy"
"ฉันหวังว่าเราจะสามารถทำงานร่วมกันได้เพื่อเป้าหมายที่ยิ่งใหญ่กว่า","I hope we can work together for a greater goal"
"เขากำลังศึกษาเรื่องเทคโนโลยีใหม่ๆ เพื่อพัฒนานวัตกรรม","He is studying new technologies to develop innovations"
"ถ้าเราสามารถเข้าใจผู้อื่น โลกนี้จะเต็มไปด้วยความสงบสุข","If we can understand others, the world will be full of peace"
"เธอชอบทำขนมและมักจะส่งต่อความอร่อยให้กับเพื่อนๆ","She likes baking and often shares delicious treats with friends"
"ฉันกำลังฝึกการเล่นเปียโนและหวังว่าจะเล่นเพลงโปรดได้เร็วๆ นี้","I'm practicing piano and hope to play my favorite songs soon"
"เมื่อเรามองหาความสุขในสิ่งเล็กๆ เราจะพบว่าชีวิตมีความหมายมากขึ้น","When we find joy in small things, we'll find life more meaningful"
"เขาต้องการเป็นอาสาสมัครเพื่อช่วยเหลือชุมชนของเขา","He wants to be a volunteer to help his community"
"ถ้าเราใส่ใจสิ่งแวดล้อม โลกของเราก็จะยังคงสวยงามต่อไป","If we care for the environment, our world will remain beautiful"
"เธอฝันที่จะเดินทางรอบโลกและสัมผัสวัฒนธรรมที่แตกต่างกัน","She dreams of traveling the world and experiencing different cultures"
"ฉันเชื่อว่าความรักและความเข้าใจเป็นกุญแจสู่ความสุข","I believe that love and understanding are keys to happiness"
"เมื่อเราเรียนรู้จากความผิดพลาด เราก็จะเติบโตและเข้มแข็งขึ้น","When we learn from mistakes, we grow and become stronger"
"เขาชอบเล่นดนตรีกับเพื่อนๆ และสร้างสรรค์เพลงใหม่ๆ","He likes making music with friends and creating new songs"
"ถ้าเรารู้จักแบ่งปัน โลกนี้จะเต็มไปด้วยความสุขและความรัก","If we know how to share, the world will be full of happiness and love"
"เธอมีความสามารถในด้านศิลปะและกำลังจัดแสดงผลงานของเธอ","She has artistic talent and is exhibiting her works"
"ฉันกำลังเรียนรู้ที่จะทำอาหารจานโปรดเพื่อทำให้ครอบครัวประทับใจ","I'm learning to cook favorite dishes to impress my family"
"เมื่อเรามีเป้าหมายที่ชัดเจน เราก็จะมุ่งมั่นและไม่หลงทาง","When we have clear goals, we'll be determined and not lose our way"
"เขาตัดสินใจที่จะเริ่มต้นธุรกิจของตนเองและทำตามความฝัน","He decided to start his own business and follow his dreams"
"ถ้าเรารักและยอมรับตนเอง เราก็จะมีความสุขกับชีวิตมากขึ้น","If we love and accept ourselves, we'll be happier with life"
"เธอกำลังฝึกซ้อมเพื่อการแข่งขันครั้งสำคัญที่กำลังจะมาถึง","She is training for an important upcoming competition"
"ฉันหวังว่าเราจะสามารถสร้างความเปลี่ยนแปลงที่ดีให้กับโลกนี้","I hope we can make a positive change in this world"
"เมื่อเรามองโลกในแง่ดี เราก็จะพบกับโอกาสมากมาย","When we look at the world positively, we'll find many opportunities"
"เขามุ่งมั่นที่จะเรียนรู้และพัฒนาตนเองอยู่เสมอ","He is determined to always learn and improve himself"
"ถ้าเราสามารถเข้าใจความรู้สึกของผู้อื่น ความสัมพันธ์ก็จะดีขึ้น","If we can understand others' feelings, relationships will improve"
"เธอชื่นชอบการถ่ายภาพและมักจะจับภาพช่วงเวลาที่สวยงาม","She enjoys photography and often captures beautiful moments"
"ฉันต้องการทำให้ทุกวันมีความหมายและเต็มไปด้วยความสุข","I want to make every day meaningful and full of happiness"
"เมื่อเราแบ่งปันรอยยิ้ม โลกก็จะสว่างไสวขึ้น","When we share smiles, the world becomes brighter"
"เขาฝันที่จะเป็นนักวิทยาศาสตร์และค้นพบสิ่งใหม่ๆ เพื่อช่วยมนุษยชาติ","He dreams of becoming a scientist and discovering new things to help humanity"
"ถ้าเรามีความกล้าที่จะเปลี่ยนแปลง เราก็จะสร้างชีวิตที่ดีขึ้นได้","If we have the courage to change, we can create a better life"
"เธอกำลังศึกษาเรื่องการออกแบบเพื่อสร้างผลงานที่สร้างสรรค์","She is studying design to create creative works"
"ฉันเชื่อว่าความเมตตาและความเอื้อเฟื้อเผื่อแผ่สามารถเปลี่ยนแปลงโลกได้","I believe that kindness and generosity can change the world"
"เมื่อเราเปิดใจรับฟังผู้อื่น เราก็จะเรียนรู้มากขึ้น","When we open our hearts to listen to others, we'll learn more"
"เขาชอบทำงานศิลปะและมักจะใช้เวลาในการสร้างสรรค์สิ่งใหม่ๆ","He likes doing art and often spends time creating new things"
"ถ้าเรามีความฝัน เราก็ควรลงมือทำเพื่อให้มันเป็นจริง","If we have dreams, we should take action to make them come true"
"เธอต้องการที่จะเป็นครูและช่วยแนะนำนักเรียนให้เติบโตอย่างมีคุณภาพ","She wants to be a teacher and guide students to grow with quality"
"ฉันหวังว่าเราจะสามารถสร้างอนาคตที่ดีกว่าสำหรับคนรุ่นหลัง","I hope we can build a better future for the next generation"