"เมื่อวานนี้คุณทราบไหม ว่าเขาเพิ่งจัดทรานสคริปต์ให้แต่เช้า","Yesterday, did you know they just handed over the transcript in the morning"
"ดิฉันลองทานปอเปี๊ยะเมื่อวันก่อน เพราะอยากได้รสเปรี๊ยะเปรี้ยวมากขึ้น","I tried some spring rolls the other day because I wanted a tangy taste"
"ฟลุคคนนั้นชอบเปิดแฟลช ในตอนที่ถ่ายภาพกลางคืน","That Fluke person often turns on the flash when taking pictures at night"
"เธอรู้สึกเฟ้อเล็กน้อย เมื่อดื่มชานมไข่มุกมากเกินไป","She felt slightly bloated after drinking too much bubble tea"
"พวกเขาเบรกตรงทางม้าลาย เพื่อไม่ให้เกิดอุบัติเหตุในเมืองบราซิล","They braked at the crosswalk to prevent an accident in Brazil"
"ครั้งนี้จะมีโปรโมชั่นฟรี สำหรับลูกค้าที่ลงทะเบียนแฟรนไชส์ใหม่","This time there will be a free promotion for customers registering a new franchise"
"เมื่อคืนเธอผอยหลับไป หลังจากฟังเพลงเบาๆ ในห้อง","Last night she dozed off after listening to soft music in the room"
"ดิฉันลองต้มซุปไก่ แล้วจะหลอมผักให้เปื่อยพอดี","I tried boiling chicken soup and then will melt the vegetables until they're perfectly tender"
"ถ้าคุณอยากพักผ่อน ลองและโบ๊ไปสักครู่ก่อนดีไหม","If you want to rest, why don't you unwind for a moment first"
"เขาโว้ยออกมาเบาๆ เพราะตกใจเสียงประทัดเมื่อคืน","He exclaimed softly out of surprise from the fireworks last night"
"โปรดฟังเสียงลมหายใจ อย่าเพิ่งดร็อปกำลังใจของตนเองนะ","Please listen to your breath and don't drop your spirits yet"
"ทางนั้นเริ่มไดรฟ์ข้อมูลขึ้นคลาวด์ เพื่อสำรองเอกสารสำคัญแล้ว","They started driving data to the cloud to back up important documents"
"แม่บ้านยัวะนิดหน่อย เพราะห้องครัวเลอะเทอะเกินที่จะทำอาหารเช้า","The housekeeper got slightly annoyed because the kitchen was too messy to cook breakfast"
"ที่ประชุมวันนี้ถือว่าเริ่ดมาก เพราะทุกคนเตรียมข้อมูลมาอย่างดี","Today's meeting was fabulous because everyone prepared their data very well"
"ดูเหมือนว่าพวกเขาจะจั๊วะกันอีกแล้ว ตอนคุยเรื่องงบประมาณรอบนี้","It seems they got upset again when discussing the budget this time"
"เวลาพูดแกร็นๆ แบบนั้น ให้ลองใช้โทนเสียงต่ำลงนิดหน่อยสิ","When speaking in such a cramped tone, try to use a slightly lower pitch"
"เพราะว่าตรงนี้มีแท็งก์น้ำวางอยู่ อย่าลืมเติมให้เต็มก่อนจะกลับบ้าน","Because there's a water tank placed here, don't forget to fill it up before heading home"
"เข้าใจไหมว่าเรื่องสะแล็งบางคำ กำลังแพร่หลายบนโซเชียลเน็ตเวิร์ก","Do you realize that some slang terms are spreading widely on social networks"
"วันนี้ไม่มีอะไรเหียะหรอก แค่ต้องทำความสะอาดเล็กน้อยก่อนแขกมา","There's nothing rotten today; we just need a little tidying up before guests arrive"
"ถ้าเธอร้องเพียะๆ ใส่เขาแบบนั้น เดี๋ยวก็เข้าใจผิดกันใหญ่หรอก","If you snap at them like that, misunderstandings will soon arise"
"บางทีการสันเทียะข้อดีข้อเสียเป็นสิ่งจำเป็น ก่อนจะตัดสินใจลงทุน","Sometimes weighing the pros and cons is necessary before deciding to invest"
"เขาเตือนว่า อย่าพูดคำหยาบเซียะออกไป ถ้ายิ่งอยากรักษาน้ำใจเพื่อน","They warned not to use harsh words if you really want to spare your friend's feelings"
"ถ้าวันนี้เธอทำเปียะกับประตูอีก กุญแจคงพังแน่นอน","If you slam the door again today, the key will definitely break"
"ฟร็องซ์คือชื่อแบรนด์น้ำหอม แต่บางคนอ่านเป็นฝรั่งเศสผิดๆ กันบ่อยครั้ง","Fronce is a perfume brand name, but some people mistakenly read it as France quite often"
"เวลาที่ทดลองผลิตบร็องซ์ช็อกโกแลต บางทีมีกลิ่นติดเตาอบเล็กน้อย","When trying to make bronze chocolate, there's sometimes a lingering smell in the oven"
"บางทีผู้ช่วยฟลายไปซื้อของเร็วมาก จนเราตามไม่ทันเลยนะ","Sometimes the assistant flies off to buy supplies so quickly that we can't keep up"
"เธอลองใช้ฟลูออเรสเซนต์ชนิดใหม่หรือยัง มันช่วยประหยัดพลังงานได้ดีทีเดียว","Have you tried the new fluorescent type yet? It saves energy quite well"
"เช้านี้พยายามไม่ให้เกิดดราฟท์เอกสารซ้ำซ้อน เพื่อเลี่ยงการสับสน","This morning, they tried to avoid creating duplicate drafts to prevent confusion"
"บางคนลงทุนระบบไฮโดรฟาร์ม เพื่อปลูกผักปลอดสารเคมีในโรงเรือน","Some people invest in a hydro-farm system to grow chemical-free vegetables indoors"
"นักเดินทางคนนั้นบอกว่า บรีซทะเลในบราซิลทำให้ใจสงบลงได้เยอะ","That traveler said the sea breeze in Brazil really helps calm the mind"
"ถ้าเหนื่อยมาก ลองฟังเพลงฟรีสไตล์ดูสิ เพราะมันช่วยคลายเครียดได้ดี","If you're very tired, try listening to freestyle music because it helps relieve stress"
"บางครั้งแฟรนไชส์กาแฟก็มีโปรลดราคา แต่ต้องเช็กรายละเอียดล่วงหน้า","Sometimes coffee franchises have discounts, but you need to check details in advance"
"ท่ามกลางเสียงดนตรี ผมเผลอเย้ยเขาไปนิดนึงเรื่องร้องเพลงเพี้ยน","Amid the music, I accidentally teased them about singing off-key"
"เขาเลือกสายงานทรานสปอร์ต เพราะเชื่อว่าจะขนส่งสินค้าทั่วประเทศได้ดี","They chose the transport sector because they believe it can distribute products nationwide effectively"
"บางทีผมก็ต้องเบรกตัวเองไม่ให้ซื้อขนมหวานเยอะ เพราะรักษาสุขภาพ","Sometimes I have to brake myself from buying so many sweets to stay healthy"
"เธออาจจะโง้วกับงานครัว แต่ก็พัฒนาฝีมือขึ้นเรื่อยๆ นะ","She might be clueless in the kitchen, but is steadily improving her skills"
"เดี๋ยวจะเล่าเรื่องบราซิลกับแฟรนไชส์อาหารให้ฟังทีหลังนะ เผื่อได้ไอเดียลงทุน","I'll share the story about Brazil and a food franchise later, in case you get investment ideas"
"เขาเคยเปลี่ยนบอร์ดดร็อปหลายครั้ง แต่ยังติดปัญหาเรื่องไดรฟ์ข้อมูล","They have changed the drop board many times but still have issues with data drives"
"อ่านสันเทียะข้อความนี้อย่างละเอียดแน่ะ เพราะเราไม่อยากพลาดจุดสำคัญ","Please read this text thoroughly, you know, because we don't want to miss the main point"
"บางทีอาจมีจุดที่ต้องเพียะลงไปอีก ต้องดูจากฟีดแบ็กของลูกค้าด้วย","Sometimes you may need to clamp down further, depending on customer feedback as well"